{"data_min": [-12.662083333333333, 983.5, 27.458333333333332], "data_max": [31.84041666666667, 1044.6666666666667, 100.0]}